{
    "accuracy": 0.6392673499199129,
    "precision": 0.20952274650965946,
    "recall": 0.7596533234411358,
    "f1_score": 0.3284535300807792,
    "roc_auc": 0.7648832347789783,
    "confusion_matrix": [
        [
            140709,
            84985
        ],
        [
            7127,
            22526
        ]
    ]
}